split,accuracy,f1_macro,f1_weighted,precision_macro,recall_macro,roc_auc_ovr_macro
train,0.7745216985534298,0.3324867956501965,0.7086180710990294,0.3905501529786266,0.34567113627247587,0.5681537200026728
validation,0.7662,0.3081463503735676,0.6979077000767792,0.32025176587485454,0.33026462806607004,0.4865489463298864
test,0.7714,0.31815866913179297,0.7034645517651439,0.3508711951546562,0.3370199959944766,0.49018994653810344
