true_idx,true_name,pred_0,pred_1,pred_2
0,test,0.037649219467055565,0.943067033967465,0.019283746556296753
1,train,0.020967553004543785,0.9626332435270438,0.016399203467240952
2,val,0.015610651974144992,0.9476584021951547,0.036730945821517626
