split,accuracy,f1_macro,f1_weighted,precision_macro,recall_macro,roc_auc_ovr_macro
train,0.7699486700886607,0.3334816512220684,0.7076271827943232,0.377314735955769,0.3453601688238084,0.5619364140929923
validation,0.754,0.31280798528620785,0.694681811300135,0.3220290309106098,0.32974087952861314,0.49544811777558057
test,0.7582,0.3186560037537895,0.6975045818614914,0.33625000260352317,0.3343604075093023,0.5018026005885822
