true_idx,true_name,pred_0,pred_1,pred_2
0,test,0.03213957759382792,0.9357208448031615,0.03213957759382792
1,train,0.02272461051889103,0.9561906993077706,0.021084690172166937
2,val,0.025711662075062338,0.9265381083477822,0.04775022956797292
