{
  "accuracy": 0.6122555637820652,
  "f1_macro": 0.2062539398677099,
  "f1_weighted": 0.5923395201528806,
  "precision_macro": 0.25158348641428024,
  "recall_macro": 0.20102497858125246,
  "roc_auc_ovr_macro": NaN,
  "final": true,
  "num_classes": 1081
}